08-Feb-22 22:14:13,0.21369994101985929,0.0018631611585617066,1
08-Feb-22 22:14:18,0.2281478499046905,0.0019614542245864866,1
08-Feb-22 22:14:24,0.21222177391146393,0.0009786290287971497,1
08-Feb-22 22:14:29,0.21222177391146393,0.0009786290287971497,1
08-Feb-22 22:14:34,0.21222177391146393,0.0009786290287971497,1
08-Feb-22 22:14:39,0.22977004420143465,0.0019476062059402466,1
08-Feb-22 22:14:44,0.2281478499046905,0.0019614542245864866,1
08-Feb-22 22:14:49,0.2281478499046905,0.0019614542245864866,1
08-Feb-22 22:14:55,0.2281478499046905,0.0019614542245864866,1
08-Feb-22 22:15:00,0.2281478499046905,0.0019614542245864866,1
08-Feb-22 22:15:05,0.2281478499046905,0.0019614542245864866,1
08-Feb-22 22:15:10,0.2281478499046905,0.0019614542245864866,1
08-Feb-22 22:15:15,0.2281478499046905,0.0019614542245864866,1
08-Feb-22 22:15:20,0.2281478499046905,0.0019614542245864866,1
08-Feb-22 22:15:26,0.2281478499046905,0.0019614542245864866,1
08-Feb-22 22:15:31,0.2281478499046905,0.0019614542245864866,1
08-Feb-22 22:15:36,0.2281478499046905,0.0019614542245864866,1
08-Feb-22 22:15:41,0.2297962415817096,0.001807569932937622,1
08-Feb-22 22:15:46,0.2282774456407196,0.0018195962190628052,1
08-Feb-22 22:15:51,0.21539436463393027,0.00126254004240036,1
08-Feb-22 22:15:57,0.2281478499046905,0.0019614542245864866,1
08-Feb-22 22:16:02,0.22157488794786342,0.0015846341371536254,1
08-Feb-22 22:16:07,0.22157488794786342,0.0015846341371536254,1
08-Feb-22 22:16:12,0.2281478499046905,0.0019614542245864866,1
08-Feb-22 22:16:17,0.22089872729877516,0.0018803765058517457,1
08-Feb-22 22:16:22,0.22373743653462166,0.0018565188884735108,1
08-Feb-22 22:16:28,0.22197838159963115,0.001726492190361023,1
08-Feb-22 22:16:33,0.2297962415817096,0.001807569932937622,1
08-Feb-22 22:16:38,0.2281478499046905,0.0019614542245864866,1
08-Feb-22 22:16:43,0.22157488794786342,0.0015846341371536254,1
08-Feb-22 22:16:48,0.22629620426768024,0.00148567076921463,1
08-Feb-22 22:16:53,0.21864024584485028,0.0013907450199127198,1
08-Feb-22 22:16:59,0.22157488794786342,0.0015846341371536254,1
08-Feb-22 22:17:04,0.22430137590623286,0.0013556440830230713,1
08-Feb-22 22:17:09,0.20956798498304385,0.0012976410031318665,1
08-Feb-22 22:17:14,0.2143240708143192,0.001338428747653961,1
08-Feb-22 22:17:19,0.2508315661093848,0.001527893590927124,1
08-Feb-22 22:17:24,0.2281478499046905,0.0019614542245864866,1
08-Feb-22 22:17:30,0.2281478499046905,0.0019614542245864866,1
08-Feb-22 22:17:35,0.2281478499046905,0.0019614542245864866,1
08-Feb-22 22:17:40,0.2281478499046905,0.0019614542245864866,1
08-Feb-22 22:17:45,0.2281478499046905,0.0019614542245864866,1
08-Feb-22 22:17:50,0.2281478499046905,0.0019614542245864866,1
08-Feb-22 22:17:55,0.2281478499046905,0.0019614542245864866,1
08-Feb-22 22:18:01,0.2281478499046905,0.0019614542245864866,1
08-Feb-22 22:18:06,0.2281478499046905,0.0019614542245864866,1
08-Feb-22 22:18:11,0.2311976653262935,0.0019355799436569215,1
08-Feb-22 22:18:16,0.2311976653262935,0.0019355799436569215,1
08-Feb-22 22:18:21,0.2175247247756771,0.0009547714114189148,1
08-Feb-22 22:18:26,0.22072613717182848,0.0009409234046936035,1
08-Feb-22 22:18:32,0.22072613717182848,0.0009409234046936035,1
08-Feb-22 22:18:37,0.22072613717182848,0.0009409234046936035,1
08-Feb-22 22:18:42,0.2326195642925984,0.0019237486124038697,1
08-Feb-22 22:18:47,0.2311976653262935,0.0019355799436569215,1
08-Feb-22 22:18:52,0.2281478499046905,0.0019614542245864866,1
08-Feb-22 22:18:57,0.23398709833063078,0.001912505292892456,1
08-Feb-22 22:19:03,0.22232061880023718,0.0018683502197265624,1
08-Feb-22 22:19:08,0.2311976653262935,0.0019355799436569215,1
08-Feb-22 22:19:13,0.2281478499046905,0.0019614542245864866,1
08-Feb-22 22:19:18,0.2281478499046905,0.0019614542245864866,1
08-Feb-22 22:19:23,0.2311976653262935,0.0019355799436569215,1
08-Feb-22 22:19:28,0.24013309891958262,0.0018635563611984253,1
08-Feb-22 22:19:33,0.2281478499046905,0.0019614542245864866,1
08-Feb-22 22:19:39,0.2311976653262935,0.0019355799436569215,1
08-Feb-22 22:19:44,0.2422759397881373,0.0017049604415893555,1
08-Feb-22 22:19:49,0.2311976653262935,0.0019355799436569215,1
08-Feb-22 22:19:54,0.22955532221728056,0.0019494279623031615,1
08-Feb-22 22:19:59,0.2311976653262935,0.0019355799436569215,1
08-Feb-22 22:20:04,0.2148188722221814,0.000966797685623169,1
08-Feb-22 22:20:10,0.2148188722221814,0.000966797685623169,1
08-Feb-22 22:20:15,0.22688942124265732,0.0015475165367126464,1
08-Feb-22 22:20:20,0.22953237036560833,0.001949622893333435,1
08-Feb-22 22:20:25,0.22669364679526693,0.0014830660700798034,1
08-Feb-22 22:20:30,0.22955532221728056,0.0019494279623031615,1
08-Feb-22 22:20:35,0.2281478499046905,0.0019614542245864866,1
08-Feb-22 22:20:41,0.2281478499046905,0.0019614542245864866,1
08-Feb-22 22:20:46,0.2281478499046905,0.0019614542245864866,1
08-Feb-22 22:20:51,0.2281478499046905,0.0019614542245864866,1
08-Feb-22 22:20:56,0.22955532221728056,0.0019494279623031615,1
08-Feb-22 22:21:01,0.22955532221728056,0.0019494279623031615,1
08-Feb-22 22:21:06,0.22977004420143465,0.0019476062059402466,1
08-Feb-22 22:21:12,0.22410664399269417,0.001433639693260193,1
08-Feb-22 22:21:17,0.2281478499046905,0.0019614542245864866,1
08-Feb-22 22:21:22,0.23398709833063078,0.001912505292892456,1
08-Feb-22 22:21:27,0.22541886259356803,0.0018426708936691283,1
08-Feb-22 22:21:32,0.2281478499046905,0.0019614542245864866,1
08-Feb-22 22:21:37,0.23398709833063078,0.001912505292892456,1
08-Feb-22 22:21:43,0.22955532221728056,0.0019494279623031615,1
08-Feb-22 22:21:48,0.2311976653262935,0.0019355799436569215,1
08-Feb-22 22:21:53,0.2350922680763509,0.0015667485356330871,1
08-Feb-22 22:21:58,0.22408207828190568,0.0012135910749435424,1
08-Feb-22 22:22:03,0.22198978752178608,0.0012250293731689453,1
08-Feb-22 22:22:09,0.2190477812359867,0.0010948077082633973,1
08-Feb-22 22:22:14,0.22541886259356803,0.0018426708936691283,1
08-Feb-22 22:22:19,0.20964545928758965,0.0009906553149223328,1
08-Feb-22 22:22:24,0.22630335150994296,0.0010597067952156068,1
08-Feb-22 22:22:29,0.20964545928758965,0.0009906553149223328,1
08-Feb-22 22:22:34,0.22198978752178608,0.0012250293731689453,1
08-Feb-22 22:22:40,0.21743193105951863,0.0012507087111473083,1
08-Feb-22 22:22:45,0.2281478499046905,0.0019614542245864866,1
08-Feb-22 22:22:50,0.23084824567871562,0.001381800878047943,1
08-Feb-22 22:22:55,0.23703144397775228,0.0012828375339508057,1
08-Feb-22 22:23:00,0.2281478499046905,0.0019614542245864866,1
08-Feb-22 22:23:05,0.2281478499046905,0.0019614542245864866,1
08-Feb-22 22:23:11,0.2281478499046905,0.0019614542245864866,1
08-Feb-22 22:23:16,0.2281478499046905,0.0019614542245864866,1
08-Feb-22 22:23:21,0.226757531682349,0.001973480486869812,1
08-Feb-22 22:23:26,0.226757531682349,0.001973480486869812,1
08-Feb-22 22:23:31,0.226757531682349,0.001973480486869812,1
08-Feb-22 22:23:36,0.2281478499046905,0.0019614542245864866,1
08-Feb-22 22:23:42,0.2281478499046905,0.0019614542245864866,1
08-Feb-22 22:23:47,0.2281478499046905,0.0019614542245864866,1
08-Feb-22 22:23:52,0.2148188722221814,0.000966797685623169,1
08-Feb-22 22:23:57,0.21222177391146393,0.0009786290287971497,1
08-Feb-22 22:24:02,0.21222177391146393,0.0009786290287971497,1
08-Feb-22 22:24:07,0.21222177391146393,0.0009786290287971497,1
08-Feb-22 22:24:13,0.2148188722221814,0.000966797685623169,1
08-Feb-22 22:24:18,0.21222177391146393,0.0009786290287971497,1
08-Feb-22 22:24:23,0.21222177391146393,0.0009786290287971497,1
08-Feb-22 22:24:28,0.21222177391146393,0.0009786290287971497,1
08-Feb-22 22:24:33,0.21222177391146393,0.0009786290287971497,1
08-Feb-22 22:24:38,0.21222177391146393,0.0009786290287971497,1
08-Feb-22 22:24:44,0.21175485532662672,0.0011325133442878722,1
08-Feb-22 22:24:49,0.22314542426318318,0.0010078706502914428,1
08-Feb-22 22:24:54,0.21525953470472967,0.0010447933197021485,1
08-Feb-22 22:24:59,0.22376392861745015,0.001071733057498932,1
08-Feb-22 22:25:04,0.21631169957594226,0.0011086557030677796,1
08-Feb-22 22:25:09,0.22630335150994296,0.0010597067952156068,1
08-Feb-22 22:25:15,0.21631169957594226,0.0011086557030677796,1
08-Feb-22 22:25:20,0.22630335150994296,0.0010597067952156068,1
08-Feb-22 22:25:25,0.2281478499046905,0.0019614542245864866,1
08-Feb-22 22:25:30,0.21958576000091554,0.001891619825363159,1
08-Feb-22 22:25:35,0.22965966534172214,0.001743707537651062,1
08-Feb-22 22:25:40,0.22628816756884082,0.0012017597436904906,1
08-Feb-22 22:25:45,0.23902754380634622,0.00173776113986969,1
08-Feb-22 22:25:51,0.2162736682870312,0.0011088506579399109,1
08-Feb-22 22:25:56,0.22157488794786342,0.0015846341371536254,1
08-Feb-22 22:26:01,0.21175485532662672,0.0011325133442878722,1
08-Feb-22 22:26:06,0.21765846702776223,0.0015446293473243714,1
08-Feb-22 22:26:11,0.22659413255447394,0.0015495332002639771,1
08-Feb-22 22:26:16,0.22450829979271625,0.0014975021243095398,1
08-Feb-22 22:26:22,0.22471634386318717,0.0014195064902305602,1
08-Feb-22 22:26:27,0.22450829979271625,0.0014975021243095398,1
08-Feb-22 22:26:32,0.228425369654655,0.0014718227505683898,1
08-Feb-22 22:26:37,0.22471634386318717,0.0014195064902305602,1
08-Feb-22 22:26:42,0.22630902059173869,0.001343617820739746,1
08-Feb-22 22:26:47,0.22430137590623286,0.0013556440830230713,1
08-Feb-22 22:26:53,0.23184417123279535,0.0014501190781593322,1
08-Feb-22 22:26:58,0.2281478499046905,0.0019614542245864866,1
08-Feb-22 22:27:03,0.2281478499046905,0.0019614542245864866,1
08-Feb-22 22:27:08,0.21222177391146393,0.0009786290287971497,1
08-Feb-22 22:27:13,0.2175247247756771,0.0009547714114189148,1
08-Feb-22 22:27:18,0.2148188722221814,0.000966797685623169,1
08-Feb-22 22:27:24,0.2281478499046905,0.0019614542245864866,1
08-Feb-22 22:27:29,0.23398709833063078,0.001912505292892456,1
08-Feb-22 22:27:34,0.2213925356756008,0.001160971999168396,1
08-Feb-22 22:27:39,0.22408207828190568,0.0012135910749435424,1
08-Feb-22 22:27:44,0.24295464866230448,0.0017096720695495605,1
08-Feb-22 22:27:49,0.22408207828190568,0.0012135910749435424,1
08-Feb-22 22:27:55,0.2281478499046905,0.0019614542245864866,1
08-Feb-22 22:28:00,0.22373743653462166,0.0018565188884735108,1
08-Feb-22 22:28:05,0.2268027318395056,0.001831427574157715,1
08-Feb-22 22:28:10,0.2281478499046905,0.0019614542245864866,1
08-Feb-22 22:28:15,0.22197838159963115,0.001726492190361023,1
08-Feb-22 22:28:20,0.21583287527347272,0.0015576943755149842,1
08-Feb-22 22:28:26,0.2232693491569142,0.0015726078510284423,1
08-Feb-22 22:28:31,0.22977004420143465,0.0019476062059402466,1
08-Feb-22 22:28:36,0.212316856768295,0.0011295155882835388,1
08-Feb-22 22:28:41,0.2281478499046905,0.0019614542245864866,1
08-Feb-22 22:28:46,0.2326195642925984,0.0019237486124038697,1
08-Feb-22 22:28:52,0.22395719447378135,0.0018546971797943116,1
08-Feb-22 22:28:57,0.2268027318395056,0.001831427574157715,1
08-Feb-22 22:29:02,0.0450254970682784,0.10728670806884766,1
08-Feb-22 22:29:07,0.04553195135874854,0.10919286842346192,1
08-Feb-22 22:29:12,0.045595587084115534,0.1114814962387085,1
08-Feb-22 22:29:17,0.04546635007060171,0.11424634170532226,1
08-Feb-22 22:29:23,0.045364512865162805,0.11766450119018555,1
08-Feb-22 22:29:28,0.04528125977660508,0.12066815853118897,1
08-Feb-22 22:29:33,0.045233204758955044,0.12429693241119384,1
08-Feb-22 22:29:38,0.04466437818424923,0.1283718418121338,1
08-Feb-22 22:29:43,0.04419604644464851,0.1325879217147827,1
08-Feb-22 22:29:48,0.044059035304961865,0.13586487674713135,1
08-Feb-22 22:29:54,0.04421135588991221,0.14076900463104247,1
08-Feb-22 22:29:59,0.043029047841654906,0.14389023151397706,1
08-Feb-22 22:30:04,0.04376832275883075,0.14835457267761232,1
08-Feb-22 22:30:09,0.043595982836810744,0.15149402046203614,1
08-Feb-22 22:30:14,0.04298223389403775,0.1544047161102295,1
08-Feb-22 22:30:19,0.04293244876561787,0.15717620849609376,1
08-Feb-22 22:30:25,0.042590156822335024,0.1595439441680908,1
08-Feb-22 22:30:30,0.04244424531876835,0.1623633092880249,1
08-Feb-22 22:30:35,0.04206689942839513,0.16381973056793214,1
08-Feb-22 22:30:40,0.041834564015483924,0.1654975305557251,1
08-Feb-22 22:30:45,0.041827412428276305,0.16670552883148193,1
08-Feb-22 22:30:50,0.04170453542532574,0.16796710319519043,1
08-Feb-22 22:30:55,0.04156782661134259,0.1685195156097412,1
08-Feb-22 22:31:01,0.04142192692643494,0.168393017578125,1
08-Feb-22 22:31:06,0.040154195498380264,0.16773708610534668,1
08-Feb-22 22:31:11,0.04126095345727085,0.16904997787475587,1
08-Feb-22 22:31:16,0.04113638704181441,0.16956188354492188,1
08-Feb-22 22:31:21,0.04112052743021115,0.16962728118896483,1
08-Feb-22 22:31:26,0.041018981496409646,0.16968363075256349,1
08-Feb-22 22:31:32,0.04099314712674711,0.1697905673980713,1
08-Feb-22 22:31:37,0.04099377470308066,0.1697879680633545,1
08-Feb-22 22:31:42,0.04099972002474714,0.17018323669433594,1
08-Feb-22 22:31:47,0.040876627566855964,0.1699097152709961,1
08-Feb-22 22:31:52,0.04085367114438607,0.1696401424407959,1
08-Feb-22 22:31:57,0.04082083320013944,0.16977660789489746,1
08-Feb-22 22:32:03,0.040879440827118384,0.16953320426940918,1
08-Feb-22 22:32:08,0.04079243462616257,0.16989480171203614,1
08-Feb-22 22:32:13,0.04085763414736593,0.16962368812561035,1
08-Feb-22 22:32:18,0.04086216957176563,0.17002616386413574,1
08-Feb-22 22:32:23,0.040819536870694284,0.16978199958801268,1
08-Feb-22 22:32:28,0.04079755521501323,0.17029544792175294,1
08-Feb-22 22:32:34,0.04084973859777454,0.17044298782348632,1
08-Feb-22 22:32:39,0.040847005788948496,0.17081949882507325,1
08-Feb-22 22:32:44,0.040795923545792354,0.17103338890075684,1
08-Feb-22 22:32:49,0.04083001921675575,0.17089056510925293,1
08-Feb-22 22:32:54,0.03970586800537448,0.17012259407043456,1
08-Feb-22 22:32:59,0.04089294756680204,0.17141327247619628,1
08-Feb-22 22:33:05,0.040905543772470035,0.17136048851013183,1
08-Feb-22 22:33:10,0.04090745140348548,0.1713524974822998,1
08-Feb-22 22:33:15,0.0408977233255773,0.1713932559967041,1
08-Feb-22 22:33:20,0.0409834396899869,0.17139867210388185,1
08-Feb-22 22:33:25,0.04002135967193591,0.170329563331604,1
08-Feb-22 22:33:30,0.04028550060283322,0.17001028957366943,1
08-Feb-22 22:33:36,0.04084692105471936,0.17118496170043945,1
08-Feb-22 22:33:41,0.04082428330626124,0.17127988662719726,1
08-Feb-22 22:33:46,0.04084882790516611,0.17117697067260743,1
08-Feb-22 22:33:51,0.040675297102790366,0.17075071716308593,1
08-Feb-22 22:33:56,0.04076015423130431,0.17154936599731446,1
08-Feb-22 22:34:01,0.04079170348004633,0.1710510829925537,1
08-Feb-22 22:34:07,0.040732717091642785,0.1708761459350586,1
08-Feb-22 22:34:12,0.04074391231901758,0.17046316261291503,1
08-Feb-22 22:34:17,0.04066828402261048,0.17078016242980956,1
08-Feb-22 22:34:22,0.04064345273941725,0.1708845012664795,1
08-Feb-22 22:34:27,0.04066903309958493,0.1712003204345703,1
08-Feb-22 22:34:32,0.04065164410776748,0.17164041481018066,1
08-Feb-22 22:34:38,0.039528099747155356,0.1704521583557129,1
08-Feb-22 22:34:43,0.03945961836899314,0.1703700298309326,1
08-Feb-22 22:34:48,0.03953869685853143,0.17002928504943848,1
08-Feb-22 22:34:53,0.03951621386809734,0.1701260242462158,1
08-Feb-22 22:34:58,0.03961899392957589,0.1704956283569336,1
08-Feb-22 22:35:03,0.039453388544548426,0.17039693183898927,1
08-Feb-22 22:35:09,0.039353603160779065,0.17045002899169923,1
08-Feb-22 22:35:14,0.040455662686773024,0.17130908584594726,1
08-Feb-22 22:35:19,0.03980164506514469,0.1709529577255249,1
08-Feb-22 22:35:24,0.039332720815413086,0.17054052352905275,1
08-Feb-22 22:35:29,0.039466741509800514,0.1707754795074463,1
08-Feb-22 22:35:34,0.039915489958017344,0.17127029781341552,1
08-Feb-22 22:35:40,0.0402950703998774,0.17162171363830567,1
08-Feb-22 22:35:45,0.04035424545869489,0.17179665489196777,1
08-Feb-22 22:35:50,0.04031583579680041,0.17036647319793702,1
08-Feb-22 22:35:55,0.04021121589043417,0.17001072216033936,1
08-Feb-22 22:36:00,0.04030146144767717,0.17005718784332274,1
08-Feb-22 22:36:05,0.03995910674467551,0.16990609455108643,1
08-Feb-22 22:36:11,0.039743920207260176,0.1696423822402954,1
08-Feb-22 22:36:16,0.04015019536928727,0.1706978792190552,1
08-Feb-22 22:36:21,0.04021168862287362,0.17080771770477296,1
08-Feb-22 22:36:26,0.0402602748246484,0.17023115787506105,1
08-Feb-22 22:36:31,0.04020979825632455,0.17044485416412353,1
08-Feb-22 22:36:36,0.04014655532508783,0.17071335620880126,1
08-Feb-22 22:36:42,0.039043634989183326,0.16901153526306154,1
08-Feb-22 22:36:47,0.03894525780800399,0.16943846473693847,1
08-Feb-22 22:36:52,0.0388847875531176,0.16931842880249023,1
08-Feb-22 22:36:57,0.03892976457790137,0.16912280883789063,1
08-Feb-22 22:37:02,0.06069280495340074,0.04569389619827271,1
08-Feb-22 22:37:07,0.15476892403458817,0.011528802299499511,1
08-Feb-22 22:37:13,0.1452242647622123,0.011306470251083374,1
08-Feb-22 22:37:18,0.04083766739216519,0.16456460418701171,1
08-Feb-22 22:37:23,0.039345387834782634,0.16345689163208008,1
08-Feb-22 22:37:28,0.039266610434088835,0.16372620239257812,1
08-Feb-22 22:37:33,0.03930395485855158,0.16319119720458986,1
08-Feb-22 22:37:38,0.03233026467899508,0.19967036933898927,1
08-Feb-22 22:37:44,0.033440890380026324,0.20213183841705323,1
08-Feb-22 22:37:49,0.03356113149509854,0.20192060565948486,1
08-Feb-22 22:37:54,0.033395137501150494,0.20100010623931885,1
08-Feb-22 22:37:59,0.033295500743360185,0.20049837799072265,1
08-Feb-22 22:38:04,0.04025336007641105,0.14497766437530518,1
08-Feb-22 22:38:09,0.03151396752701088,0.19064226455688477,1
08-Feb-22 22:38:15,0.07599268401737476,0.06720755443572998,1
08-Feb-22 22:38:20,0.09211964143711472,0.050098330116271975,1
08-Feb-22 22:38:25,0.09357629337888297,0.04860719337463379,1
08-Feb-22 22:38:30,0.10734499926208786,0.04802670841217041,1
08-Feb-22 22:38:35,0.05412019412087394,0.06589409847259521,1
08-Feb-22 22:38:40,0.05093322104697453,0.07143602466583251,1
08-Feb-22 22:38:46,0.047922401987391734,0.07685773601531982,1
08-Feb-22 22:38:51,0.051649521123233295,0.07235604648590088,1
08-Feb-22 22:38:56,0.03290207344804204,0.17562385501861572,1
08-Feb-22 22:39:01,0.030170000063680202,0.18666078643798828,1
08-Feb-22 22:39:06,0.03449792068142859,0.13543700885772705,1
08-Feb-22 22:39:11,0.02898720038403953,0.18825897655487062,1
08-Feb-22 22:39:17,0.030171401961341514,0.16645599365234376,1
08-Feb-22 22:39:22,0.04818663693778808,0.0988214521408081,1
08-Feb-22 22:39:27,0.03152324796075124,0.14989075660705567,1
08-Feb-22 22:39:32,0.028815328178683042,0.18603689384460448,1
08-Feb-22 22:39:37,0.028764744217586895,0.18971490364074706,1
08-Feb-22 22:39:42,0.029278236255832885,0.1923837947845459,1
08-Feb-22 22:39:48,0.06665777030456486,0.07002617511749268,1
08-Feb-22 22:39:53,0.030416030430514558,0.19548700466156005,1
08-Feb-22 22:39:58,0.031157396657925062,0.19727961959838866,1
08-Feb-22 22:40:03,0.029430558484644195,0.17290770397186278,1
08-Feb-22 22:40:08,0.03141002907492073,0.19678905868530275,1
08-Feb-22 22:40:13,0.03386250474168241,0.19063551082611083,1
08-Feb-22 22:40:19,0.05551477987387803,0.1046678882598877,1
08-Feb-22 22:40:24,0.04858753746568156,0.11444271793365479,1
08-Feb-22 22:40:29,0.05332424091217661,0.10515915508270264,1
08-Feb-22 22:40:34,0.05318783929949711,0.10454438304901123,1
08-Feb-22 22:40:39,0.052200828918402935,0.111554292678833,1
08-Feb-22 22:40:44,0.053967794545671126,0.1042241491317749,1
08-Feb-22 22:40:50,0.05033536828592857,0.1153922815322876,1
08-Feb-22 22:40:55,0.04137601074515472,0.1338618881225586,1
08-Feb-22 22:41:00,0.04022492653979878,0.13726452846527099,1
08-Feb-22 22:41:05,0.031185006398327567,0.19408797721862792,1
08-Feb-22 22:41:10,0.03144853370989295,0.19341002044677735,1
08-Feb-22 22:41:15,0.03142969461846874,0.19407369270324706,1
08-Feb-22 22:41:21,0.04776829379133704,0.11904765377044678,1
08-Feb-22 22:41:26,0.029484988886668142,0.19169671535491944,1
08-Feb-22 22:41:31,0.031398971025352294,0.19426359195709228,1
08-Feb-22 22:41:36,0.030793123542015372,0.18385217914581298,1
08-Feb-22 22:41:41,0.02765188424053928,0.19934087371826173,1
08-Feb-22 22:41:46,0.028642627033083755,0.19969667491912843,1
08-Feb-22 22:41:52,0.028676630884188144,0.20006020755767823,1
08-Feb-22 22:41:57,0.028632694785313786,0.20036719455718993,1
08-Feb-22 22:42:02,0.028703287909928064,0.19987440967559814,1
08-Feb-22 22:42:07,0.028671549913141213,0.1989750759124756,1
08-Feb-22 22:42:12,0.028641398679367467,0.19918453998565674,1
08-Feb-22 22:42:17,0.028054854903286765,0.19823645629882813,1
08-Feb-22 22:42:23,0.0497798710277454,0.11688706016540527,1
08-Feb-22 22:42:28,0.12147826261852547,0.22355561408996583,1
08-Feb-22 22:42:33,0.11739795659601697,0.22203858222961426,1
08-Feb-22 22:42:38,0.1112858652399655,0.22220865745544433,1
08-Feb-22 22:42:43,0.111579859034747,0.2233921028137207,1
08-Feb-22 22:42:48,0.11126859523408052,0.2225319076538086,1
08-Feb-22 22:42:54,0.11059059302733897,0.22110502166748047,1
08-Feb-22 22:42:59,0.1091779688421227,0.22133752098083495,1
08-Feb-22 22:43:04,0.1088590453215594,0.22092126388549804,1
08-Feb-22 22:43:09,0.10878117222205967,0.22119533767700195,1
08-Feb-22 22:43:14,0.10886641434944032,0.22147540435791016,1
08-Feb-22 22:43:19,0.10407691693179183,0.21995699729919432,1
08-Feb-22 22:43:25,0.10270204176412703,0.21986191635131835,1
08-Feb-22 22:43:30,0.10320745376097684,0.22091975440979003,1
08-Feb-22 22:43:35,0.10262470221735775,0.22019535446166993,1
08-Feb-22 22:43:40,0.10253575169563514,0.2205542678833008,1
08-Feb-22 22:43:45,0.10255647856895163,0.22034183502197266,1
08-Feb-22 22:43:50,0.09495184743621055,0.22026937141418457,1
08-Feb-22 22:43:56,0.0949246605845766,0.2196070255279541,1
08-Feb-22 22:44:01,0.08699205716429084,0.21950004997253417,1
08-Feb-22 22:44:06,0.08652001561518083,0.21967613639831543,1
08-Feb-22 22:44:11,0.08518563889379319,0.21912941246032716,1
08-Feb-22 22:44:16,0.08482799872502432,0.2182539131164551,1
08-Feb-22 22:44:21,0.08399545242265835,0.21857260589599609,1
08-Feb-22 22:44:27,0.08352674572876412,0.21856249084472656,1
08-Feb-22 22:44:32,0.08350153561521995,0.21862847747802736,1
08-Feb-22 22:44:37,0.08301965898227635,0.2174645435333252,1
08-Feb-22 22:44:42,0.08259838306929022,0.21753156929016113,1
08-Feb-22 22:44:47,0.08179595166765193,0.21695766334533692,1
08-Feb-22 22:44:52,0.08166204888878627,0.21731341285705566,1
08-Feb-22 22:44:57,0.08030231263464088,0.21790578308105468,1
08-Feb-22 22:45:03,0.07987791318199697,0.21782804679870604,1
08-Feb-22 22:45:08,0.0798882198204772,0.21817330474853516,1
08-Feb-22 22:45:13,0.07948431101990124,0.2174195774078369,1
08-Feb-22 22:45:18,0.07944877657628319,0.21773350105285644,1
08-Feb-22 22:45:23,0.07890135509719973,0.22592045822143556,1
08-Feb-22 22:45:28,0.07893644025548366,0.2259797992706299,1
08-Feb-22 22:45:34,0.07866537170951883,0.22468711433410646,1
08-Feb-22 22:45:39,0.0787822787283755,0.2259849712371826,1
08-Feb-22 22:45:44,0.0788096586772179,0.22484345626831054,1
08-Feb-22 22:45:49,0.07896935711765404,0.2256384605407715,1
08-Feb-22 22:45:54,0.07332676968613591,0.2260513660430908,1
08-Feb-22 22:45:59,0.07259929107793678,0.22550266609191894,1
08-Feb-22 22:46:05,0.07188834108524177,0.22533807258605956,1
08-Feb-22 22:46:10,0.07075240694090332,0.2255494342803955,1
08-Feb-22 22:46:15,0.0707840683523435,0.22544854698181152,1
08-Feb-22 22:46:20,0.07143549417344704,0.22487084045410155,1
08-Feb-22 22:46:25,0.06331471602974523,0.22815418968200685,1
08-Feb-22 22:46:30,0.06350224170998402,0.2320166072845459,1
08-Feb-22 22:46:36,0.061322270126547104,0.23167446746826173,1
08-Feb-22 22:46:41,0.06138493871368979,0.23199884643554688,1
08-Feb-22 22:46:46,0.061176854903797734,0.2316623435974121,1
08-Feb-22 22:46:51,0.06116457255859589,0.231183589553833,1
08-Feb-22 22:46:56,0.05874547645789215,0.22784856185913085,1
08-Feb-22 22:47:01,0.0562026254944556,0.2360132537841797,1
08-Feb-22 22:47:07,0.05577440879166313,0.23716669883728028,1
08-Feb-22 22:47:12,0.05550448443751502,0.23650057525634766,1
08-Feb-22 22:47:17,0.05525476352680372,0.2354301425933838,1
08-Feb-22 22:47:22,0.05528520261020304,0.23530051879882813,1
08-Feb-22 22:47:27,0.05508995015957928,0.23550949172973631,1
08-Feb-22 22:47:32,0.05320248625390704,0.23750027732849122,1
08-Feb-22 22:47:38,0.05403761858391085,0.247295365524292,1
08-Feb-22 22:47:43,0.05172185618561801,0.23658166313171386,1
08-Feb-22 22:47:48,0.05049352982060097,0.24694757385253907,1
08-Feb-22 22:47:53,0.05047341749894186,0.24675050239562987,1
08-Feb-22 22:47:58,0.05050245909854702,0.24651745223999025,1
08-Feb-22 22:48:03,0.050605517735002555,0.24674128379821778,1
08-Feb-22 22:48:09,0.050410958046037645,0.24530306663513182,1
08-Feb-22 22:48:14,0.05054210724923553,0.24598346328735352,1
08-Feb-22 22:48:19,0.05057909429030913,0.24614393997192383,1
08-Feb-22 22:48:24,0.050649888284420214,0.24634334449768067,1
08-Feb-22 22:48:29,0.05051401466415515,0.2450978454589844,1
08-Feb-22 22:48:34,0.05038509870701473,0.24508729667663573,1
08-Feb-22 22:48:39,0.05054622002482284,0.2436704288482666,1
08-Feb-22 22:48:45,0.05062255862892513,0.24398310508728027,1
08-Feb-22 22:48:50,0.05125435995788967,0.2454982635498047,1
08-Feb-22 22:48:55,0.05227458740252908,0.25032250518798826,1
08-Feb-22 22:49:00,0.05242129355288129,0.250935567855835,1
08-Feb-22 22:49:05,0.07221115041680094,0.26878453826904297,1
08-Feb-22 22:49:10,0.07180433365963347,0.27024326972961427,1
08-Feb-22 22:49:16,0.07635852996682907,0.2700722923278809,1
08-Feb-22 22:49:21,0.07473657947265543,0.2718943492889404,1
08-Feb-22 22:49:26,0.07470032792093215,0.271596203994751,1
08-Feb-22 22:49:31,0.07461925433177448,0.27235272102355956,1
08-Feb-22 22:49:36,0.07447841984084758,0.27180470352172853,1
08-Feb-22 22:49:41,0.07424987369770035,0.27058562507629397,1
08-Feb-22 22:49:47,0.0744802817744969,0.2704110809326172,1
08-Feb-22 22:49:52,0.07465420014512188,0.27113388633728025,1
08-Feb-22 22:49:57,0.074493641803836,0.2708247703552246,1
08-Feb-22 22:50:02,0.074547180761035,0.27109214172363283,1
08-Feb-22 22:50:07,0.07452803758039055,0.2718238536834717,1
08-Feb-22 22:50:12,0.0744819663114586,0.2713295028686523,1
08-Feb-22 22:50:18,0.07439378211194318,0.27095689849853516,1
08-Feb-22 22:50:23,0.0745953387988505,0.2709171272277832,1
08-Feb-22 22:50:28,0.07462571273408347,0.2712373882293701,1
08-Feb-22 22:50:33,0.07462950951004697,0.2714542613983154,1
08-Feb-22 22:50:38,0.07453770565814552,0.27155763969421387,1
08-Feb-22 22:50:43,0.07450667610258535,0.2712086086273193,1
08-Feb-22 22:50:49,0.07448580489280505,0.2706221473693848,1
08-Feb-22 22:50:54,0.07456261611384779,0.2712360363006592,1
08-Feb-22 22:50:59,0.07455088222691142,0.27107868194580076,1
08-Feb-22 22:51:04,0.07451795659593818,0.2705053840637207,1
08-Feb-22 22:51:09,0.07449199720054421,0.27083074951171876,1
08-Feb-22 22:51:14,0.07441865047090628,0.2706350273132324,1
08-Feb-22 22:51:20,0.07435518363555246,0.27040296401977537,1
08-Feb-22 22:51:25,0.07464830143423519,0.27126258010864257,1
08-Feb-22 22:51:30,0.0743826982586784,0.2707658363342285,1
08-Feb-22 22:51:35,0.06889746203363364,0.26993472709655764,1
08-Feb-22 22:51:40,0.06916014783093853,0.2705853416442871,1
08-Feb-22 22:51:45,0.07017752217126952,0.27227197647094725,1
08-Feb-22 22:51:51,0.06769736826764168,0.2718886863708496,1
08-Feb-22 22:51:56,0.06778715849874609,0.27225645751953126,1
08-Feb-22 22:52:01,0.06843029737563815,0.2722295280456543,1
08-Feb-22 22:52:06,0.06763341008169602,0.27189124450683594,1
08-Feb-22 22:52:11,0.06772192699860315,0.2725187019348145,1
08-Feb-22 22:52:16,0.0676277682923971,0.2731526866912842,1
08-Feb-22 22:52:21,0.06764534730848956,0.2730817024230957,1
08-Feb-22 22:52:27,0.0677164101255095,0.272795125579834,1
08-Feb-22 22:52:32,0.06766497559207268,0.27274807205200197,1
08-Feb-22 22:52:37,0.06771440555777496,0.27331168174743653,1
08-Feb-22 22:52:42,0.06770418536644077,0.27309864921569826,1
08-Feb-22 22:52:47,0.06780865511229402,0.2726778984069824,1
08-Feb-22 22:52:52,0.06775715603848495,0.27288514823913573,1
08-Feb-22 22:52:58,0.06779650281816331,0.27247285385131836,1
08-Feb-22 22:53:03,0.06771387592243876,0.27233086585998534,1
08-Feb-22 22:53:08,0.06773612725639969,0.2722414051055908,1
08-Feb-22 22:53:13,0.0677105473979008,0.2725984966278076,1
08-Feb-22 22:53:18,0.0677559272053736,0.271907776260376,1
08-Feb-22 22:53:23,0.06775646930113854,0.27143142433166506,1
08-Feb-22 22:53:29,0.06779798970488804,0.2719929977416992,1
08-Feb-22 22:53:34,0.06773670236019841,0.27027386016845706,1
08-Feb-22 22:53:39,0.06773894631973805,0.2709933429718018,1
08-Feb-22 22:53:44,0.06780762648297912,0.27071886253356936,1
08-Feb-22 22:53:49,0.06771636527769505,0.27232085456848143,1
08-Feb-22 22:53:54,0.06773607942021953,0.272241597366333,1
08-Feb-22 22:54:00,0.0677236116184212,0.27254591102600095,1
08-Feb-22 22:54:05,0.06770653792354987,0.27236038093566894,1
08-Feb-22 22:54:10,0.067737815116609,0.272708922958374,1
08-Feb-22 22:54:15,0.06787638126104567,0.27265946884155273,1
08-Feb-22 22:54:20,0.06780928832642238,0.27267535209655763,1
08-Feb-22 22:54:25,0.06780096658526473,0.27245491523742676,1
08-Feb-22 22:54:31,0.06780738160508241,0.2726830196380615,1
08-Feb-22 22:54:36,0.06783003715805196,0.27331942253112795,1
08-Feb-22 22:54:41,0.06781110585391131,0.2729219326019287,1
08-Feb-22 22:54:46,0.06767820010436412,0.2729491413116455,1
08-Feb-22 22:54:51,0.0675964233000704,0.27277000427246095,1
08-Feb-22 22:54:56,0.06760667496709089,0.27272864227294924,1
08-Feb-22 22:55:02,0.06830571896734393,0.27366675720214845,1
08-Feb-22 22:55:07,0.05818002994401243,0.2659647003173828,1
08-Feb-22 22:55:12,0.05809797404171301,0.26634034118652344,1
08-Feb-22 22:55:17,0.05817320684398049,0.26684411849975587,1
08-Feb-22 22:55:22,0.05883026379962364,0.2679010906219482,1
08-Feb-22 22:55:27,0.05885274357878818,0.26779876136779784,1
08-Feb-22 22:55:33,0.05808971537673215,0.26578549118041994,1
08-Feb-22 22:55:38,0.05854648741964817,0.266416418838501,1
08-Feb-22 22:55:43,0.05807775714164427,0.26499059257507324,1
08-Feb-22 22:55:48,0.05759646196182362,0.2654115665435791,1
08-Feb-22 22:55:53,0.05763220509926114,0.2655057312011719,1
08-Feb-22 22:55:58,0.05754607275673871,0.2653448184967041,1
08-Feb-22 22:56:04,0.056652587781676714,0.266165841293335,1
08-Feb-22 22:56:09,0.056692390658833275,0.26684935607910154,1
08-Feb-22 22:56:14,0.056725612378942296,0.2666930740356445,1
08-Feb-22 22:56:19,0.056700891376116676,0.2665057258605957,1
08-Feb-22 22:56:24,0.05631518143566706,0.2660898670196533,1
08-Feb-22 22:56:29,0.05435244260372827,0.2660069801330566,1
08-Feb-22 22:56:35,0.054362524785999115,0.26650630950927734,1
08-Feb-22 22:56:40,0.054186846281596014,0.2661844970703125,1
08-Feb-22 22:56:45,0.05409298263764303,0.26628557357788085,1
08-Feb-22 22:56:50,0.05395405030749583,0.26665219497680664,1
08-Feb-22 22:56:55,0.05348675081963231,0.2660420722961426,1
08-Feb-22 22:57:00,0.05330371910179974,0.26575009841918945,1
08-Feb-22 22:57:06,0.053182869037552934,0.2654261531829834,1
08-Feb-22 22:57:11,0.053294292620532306,0.2663567642211914,1
08-Feb-22 22:57:16,0.05305242719603048,0.26696546783447267,1
08-Feb-22 22:57:21,0.053041423491562906,0.2670208511352539,1
08-Feb-22 22:57:26,0.05307428959744118,0.26653114318847654,1
08-Feb-22 22:57:31,0.05255310987181807,0.26655374603271487,1
08-Feb-22 22:57:36,0.05246744628046853,0.2657203742980957,1
08-Feb-22 22:57:42,0.05248230228943937,0.265645157623291,1
08-Feb-22 22:57:47,0.05247323507069691,0.26691563568115234,1
08-Feb-22 22:57:52,0.052389827491979665,0.26766917419433595,1
08-Feb-22 22:57:57,0.05242151985482503,0.2681202381134033,1
08-Feb-22 22:58:02,0.05240566960664256,0.2675443431854248,1
08-Feb-22 22:58:07,0.052436698371220475,0.26738602714538573,1
08-Feb-22 22:58:13,0.05241213322806232,0.2665698825836182,1
08-Feb-22 22:58:18,0.05239000607891593,0.2685661827087402,1
08-Feb-22 22:58:23,0.052166629037921464,0.268396167755127,1
08-Feb-22 22:58:28,0.052114723796334715,0.2689938133239746,1
08-Feb-22 22:58:33,0.0521740714425946,0.2689736770629883,1
08-Feb-22 22:58:39,0.05210324977101689,0.2690088802337646,1
08-Feb-22 22:58:44,0.0520045420542277,0.2691884323120117,1
08-Feb-22 22:58:49,0.05187039986023268,0.27050398864746095,1
08-Feb-22 22:58:54,0.05199242920046508,0.2705313247680664,1
08-Feb-22 22:58:59,0.052003460572119894,0.2704296680450439,1
08-Feb-22 22:59:04,0.052673332805841896,0.27154335899353027,1
08-Feb-22 22:59:10,0.05197816779487326,0.27089247093200686,1
08-Feb-22 22:59:15,0.051952694506043985,0.2710252941131592,1
08-Feb-22 22:59:20,0.051849032597133686,0.27119073333740235,1
08-Feb-22 22:59:25,0.051719908222349634,0.27120207595825196,1
08-Feb-22 22:59:30,0.05183484354332724,0.2715526809692383,1
08-Feb-22 22:59:35,0.05165734858374478,0.2724857376098633,1
08-Feb-22 22:59:41,0.05164088507065851,0.27223923416137696,1
08-Feb-22 22:59:46,0.05169175712000799,0.2723043579101562,1
08-Feb-22 22:59:51,0.05160339309991266,0.2714808059692383,1
08-Feb-22 22:59:56,0.05180126455590205,0.2725923999786377,1
08-Feb-22 23:00:01,0.05189764751906651,0.2720861484527588,1
08-Feb-22 23:00:06,0.05173313674151753,0.27199755630493166,1
08-Feb-22 23:00:12,0.05150742365868628,0.271318172454834,1
08-Feb-22 23:00:17,0.051697950718642804,0.2715612064361572,1
08-Feb-22 23:00:22,0.05158639669718307,0.27214844932556154,1
08-Feb-22 23:00:27,0.05153745340821703,0.271449454498291,1
08-Feb-22 23:00:32,0.05161640021748625,0.27103427505493166,1
08-Feb-22 23:00:37,0.0515653540796448,0.27130258026123044,1
08-Feb-22 23:00:43,0.05157340885806232,0.27159401817321777,1
08-Feb-22 23:00:48,0.05144643824492933,0.2713051780700684,1
08-Feb-22 23:00:53,0.051569738692356815,0.271568705368042,1
08-Feb-22 23:00:58,0.05168411671366772,0.2719224384307861,1
08-Feb-22 23:01:03,0.05151322009773422,0.2722008617401123,1
08-Feb-22 23:01:08,0.05136551907330654,0.2717325813293457,1
08-Feb-22 23:01:14,0.05147462218310285,0.2714463565826416,1
08-Feb-22 23:01:19,0.0514170333093294,0.2711255096435547,1
08-Feb-22 23:01:24,0.05148845111492868,0.2726661525726318,1
08-Feb-22 23:01:29,0.05146621555535331,0.2727839557647705,1
08-Feb-22 23:01:34,0.051443398752221293,0.272904944229126,1
08-Feb-22 23:01:39,0.05159768427108646,0.2735340835571289,1
08-Feb-22 23:01:44,0.0516079830112133,0.2736133094787598,1
08-Feb-22 23:01:50,0.051947664212555734,0.2736353172302246,1
08-Feb-22 23:01:55,0.051647811264507036,0.2739798221588135,1
08-Feb-22 23:02:00,0.05243461982368745,0.2736328414916992,1
08-Feb-22 23:02:05,0.051926379235460125,0.2733060543060303,1
08-Feb-22 23:02:10,0.05196139392615381,0.2737401996612549,1
08-Feb-22 23:02:15,0.05235115891016685,0.2737402446746826,1
08-Feb-22 23:02:21,0.05180715867959653,0.27298254356384277,1
08-Feb-22 23:02:26,0.0519420150242937,0.2734222728729248,1
08-Feb-22 23:02:31,0.05148972816023516,0.27395206718444826,1
08-Feb-22 23:02:36,0.05160003249549573,0.2745225345611572,1
08-Feb-22 23:02:41,0.05156846416440513,0.2746905872344971,1
08-Feb-22 23:02:46,0.05152307881727128,0.2745984188079834,1
08-Feb-22 23:02:52,0.051552314046475575,0.2750659236907959,1
08-Feb-22 23:02:57,0.051472189339813214,0.2748699085235596,1
08-Feb-22 23:03:02,0.051153493730741885,0.27377850761413575,1
08-Feb-22 23:03:07,0.05118577080410201,0.2739422046661377,1
08-Feb-22 23:03:12,0.05117617827678825,0.27428496131896973,1
08-Feb-22 23:03:17,0.05124809862615073,0.27452695770263674,1
08-Feb-22 23:03:23,0.05118926423984884,0.27387852821350095,1
08-Feb-22 23:03:28,0.05128993696332761,0.2745937896728516,1
08-Feb-22 23:03:33,0.05139078684048269,0.27405492362976075,1
08-Feb-22 23:03:38,0.05117624355000452,0.2749124130249023,1
08-Feb-22 23:03:43,0.05149934092329292,0.27534886131286623,1
08-Feb-22 23:03:48,0.05150990815783429,0.27466863136291503,1
08-Feb-22 23:03:54,0.05158175781550087,0.2742860378265381,1
08-Feb-22 23:03:59,0.05143762205441358,0.27476469268798825,1
08-Feb-22 23:04:04,0.051571015292592726,0.2752553611755371,1
08-Feb-22 23:04:09,0.05181107825523738,0.27584031982421875,1
08-Feb-22 23:04:14,0.05178192414581544,0.27566317138671875,1
08-Feb-22 23:04:19,0.051859723421312336,0.2749620574951172,1
08-Feb-22 23:04:24,0.051839559979467154,0.27506900634765624,1
08-Feb-22 23:04:30,0.051792912056795766,0.27469640922546384,1
08-Feb-22 23:04:35,0.051812986016527944,0.2749222499847412,1
08-Feb-22 23:04:40,0.05180534730918098,0.27558296508789065,1
08-Feb-22 23:04:45,0.05182288788957341,0.2758218765258789,1
08-Feb-22 23:04:50,0.05180857994866907,0.2752779109954834,1
08-Feb-22 23:04:55,0.05185421184469992,0.27437167510986327,1
08-Feb-22 23:05:01,0.05180645225532178,0.2743367435455322,1
08-Feb-22 23:05:06,0.05178899763630886,0.27409679832458494,1
08-Feb-22 23:05:11,0.0517953239858125,0.2740633197784424,1
08-Feb-22 23:05:16,0.05183551492151935,0.2745150531768799,1
08-Feb-22 23:05:21,0.051256752382197276,0.2735628429412842,1
08-Feb-22 23:05:26,0.051695273684115396,0.275259769821167,1
08-Feb-22 23:05:32,0.051665101592095634,0.27575372276306154,1
08-Feb-22 23:05:37,0.05161813033977511,0.275715731048584,1
08-Feb-22 23:05:42,0.05156156746069132,0.27539508781433103,1
08-Feb-22 23:05:47,0.05164026713179333,0.2755975391387939,1
08-Feb-22 23:05:52,0.05165003939870772,0.27554539566040037,1
08-Feb-22 23:05:57,0.05167004940572495,0.2763936740875244,1
08-Feb-22 23:06:03,0.05160108328612122,0.27614043350219725,1
08-Feb-22 23:06:08,0.05164037685096631,0.27559695358276365,1
08-Feb-22 23:06:13,0.051591136318247216,0.27585999374389647,1
08-Feb-22 23:06:18,0.051690157830523574,0.27595309562683107,1
08-Feb-22 23:06:23,0.05168058488287821,0.27504943313598634,1
08-Feb-22 23:06:28,0.05167205994051606,0.27509481124877927,1
08-Feb-22 23:06:34,0.05160016978863576,0.27485542640686034,1
08-Feb-22 23:06:39,0.05163037866737321,0.2756503227233887,1
08-Feb-22 23:06:44,0.05165525351059259,0.2748510341644287,1
08-Feb-22 23:06:49,0.05158516754963634,0.2752690952301025,1
08-Feb-22 23:06:54,0.05160029321538311,0.27581104011535645,1
08-Feb-22 23:06:59,0.051545167663880655,0.27610600929260254,1
08-Feb-22 23:07:05,0.05153940494023602,0.27613688125610353,1
08-Feb-22 23:07:10,0.05155037458439044,0.276078120803833,1
08-Feb-22 23:07:15,0.05168083798633372,0.27629142990112304,1
08-Feb-22 23:07:20,0.05154112597254064,0.2755043109893799,1
08-Feb-22 23:07:25,0.05157257406665814,0.2750024974822998,1
08-Feb-22 23:07:31,0.05152137057347594,0.27465220718383787,1
08-Feb-22 23:07:36,0.05142585426083308,0.2739128116607666,1
08-Feb-22 23:07:41,0.051356781851980775,0.2739459930419922,1
08-Feb-22 23:07:46,0.05115751463844921,0.275058060836792,1
08-Feb-22 23:07:51,0.05126965172742842,0.27315822715759275,1
08-Feb-22 23:07:56,0.05120878275492219,0.27319168434143065,1
08-Feb-22 23:08:02,0.05138934657447094,0.27377239723205565,1
08-Feb-22 23:08:07,0.05122847282750714,0.27366891059875487,1
08-Feb-22 23:08:12,0.05188525218331334,0.2748711254119873,1
08-Feb-22 23:08:17,0.1978339284427417,0.035018732643127444,1
08-Feb-22 23:08:22,0.041474846483990586,0.275073112487793,1
08-Feb-22 23:08:27,0.046590939560161256,0.25961565856933594,1
08-Feb-22 23:08:32,0.04026912997412373,0.274788858795166,1
08-Feb-22 23:08:38,0.040892253001920384,0.27483846855163574,1
08-Feb-22 23:08:43,0.04034758776276186,0.2742545188903809,1
08-Feb-22 23:08:48,0.04081525584130486,0.2745133716583252,1
08-Feb-22 23:08:53,0.04059869398577181,0.2748189548492432,1
08-Feb-22 23:08:58,0.04039537882138955,0.2751788673400879,1
08-Feb-22 23:09:04,0.040370760390129296,0.2745508277893066,1
08-Feb-22 23:09:09,0.04037465192701155,0.274950764465332,1
08-Feb-22 23:09:14,0.039745337028904024,0.2753203235626221,1
08-Feb-22 23:09:19,0.03994701259909841,0.2751079502105713,1
08-Feb-22 23:09:24,0.040226903639945084,0.27558988761901854,1
08-Feb-22 23:09:29,0.03971554865275809,0.2747178405761719,1
08-Feb-22 23:09:35,0.04011849175920862,0.2751620143890381,1
08-Feb-22 23:09:40,0.039861045039969116,0.2753271411895752,1
08-Feb-22 23:09:45,0.039673504528363976,0.27500897369384764,1
08-Feb-22 23:09:50,0.03982648965392478,0.2747593158721924,1
08-Feb-22 23:09:55,0.04012297654564836,0.2755029541015625,1
08-Feb-22 23:10:00,0.04004376795492687,0.27524557762145996,1
08-Feb-22 23:10:06,0.039805985343997645,0.2749008460998535,1
08-Feb-22 23:10:11,0.040413304510531815,0.2754827819824219,1
08-Feb-22 23:10:16,0.039736207767663276,0.2745750129699707,1
08-Feb-22 23:10:21,0.03968761193919544,0.2736679023742676,1
08-Feb-22 23:10:26,0.039687156413654556,0.2741048294067383,1
08-Feb-22 23:10:31,0.04041919203449869,0.2750736919403076,1
08-Feb-22 23:10:37,0.04041745312188958,0.2750855266571045,1
08-Feb-22 23:10:42,0.040346070563210545,0.2751455410003662,1
08-Feb-22 23:10:47,0.04005380081444572,0.27560642890930176,1
08-Feb-22 23:10:52,0.0399952737116004,0.27520642967224124,1
08-Feb-22 23:10:57,0.0399472697927481,0.2751638187408447,1
08-Feb-22 23:11:02,0.03980561186010831,0.275335901260376,1
08-Feb-22 23:11:08,0.03998108581767951,0.27610768394470214,1
08-Feb-22 23:11:13,0.04020365550249917,0.2761774440765381,1
08-Feb-22 23:11:18,0.03996792296591681,0.2753947582244873,1
08-Feb-22 23:11:23,0.040383710533930195,0.2761109649658203,1
08-Feb-22 23:11:28,0.04043199247778706,0.27657587776184084,1
08-Feb-22 23:11:33,0.0399061700179497,0.2763100040435791,1
08-Feb-22 23:11:39,0.04031434535697212,0.27621612129211426,1
08-Feb-22 23:11:44,0.039810206647933076,0.27616899375915527,1
08-Feb-22 23:11:49,0.04046510784422193,0.2772004104614258,1
08-Feb-22 23:11:54,0.04003916828066697,0.27656707611083986,1
08-Feb-22 23:11:59,0.03987463545295785,0.2760967754364014,1
08-Feb-22 23:12:04,0.03980374192516757,0.2762138477325439,1
08-Feb-22 23:12:10,0.03983654483336443,0.27604419326782226,1
08-Feb-22 23:12:15,0.03983832424644451,0.2759740756988525,1
08-Feb-22 23:12:20,0.04025649744400826,0.2762997444152832,1
08-Feb-22 23:12:25,0.040146924356430067,0.2762535762786865,1
08-Feb-22 23:12:30,0.03989075756366838,0.27523746910095215,1
08-Feb-22 23:12:35,0.040529904087420354,0.2763892784118652,1
08-Feb-22 23:12:41,0.04051807864594845,0.2756770107269287,1
08-Feb-22 23:12:46,0.04051199711591484,0.2752934406280518,1
08-Feb-22 23:12:51,0.039874359931897314,0.2749189254760742,1
08-Feb-22 23:12:56,0.039843567340516244,0.2751313930511475,1
08-Feb-22 23:13:01,0.039804926056259744,0.27583096466064455,1
08-Feb-22 23:13:06,0.041151907139918696,0.2755316204071045,1
08-Feb-22 23:13:12,0.04119098613485145,0.27610609550476073,1
08-Feb-22 23:13:17,0.041186496820287494,0.27571819648742674,1
08-Feb-22 23:13:22,0.04120553147778719,0.27678834533691404,1
08-Feb-22 23:13:27,0.04124796824817893,0.2765035797119141,1
08-Feb-22 23:13:32,0.041263410145684,0.27681731986999514,1
08-Feb-22 23:13:37,0.04123177810480926,0.2766121520996094,1
08-Feb-22 23:13:43,0.04133468110403363,0.2755627239227295,1
08-Feb-22 23:13:48,0.041202158548148154,0.2756133907318115,1
08-Feb-22 23:13:53,0.04124130505191339,0.2757692157745361,1
08-Feb-22 23:13:58,0.04128445807377522,0.27667619094848633,1
08-Feb-22 23:14:03,0.04113135107410454,0.27608785820007326,1
08-Feb-22 23:14:08,0.04119942808550946,0.27646736488342283,1
08-Feb-22 23:14:14,0.040657767915174094,0.27633980293273924,1
08-Feb-22 23:14:19,0.04059397836655778,0.27598256530761717,1
08-Feb-22 23:14:24,0.04059423580492808,0.2755567409515381,1
08-Feb-22 23:14:29,0.04051691131383785,0.2748647590637207,1
08-Feb-22 23:14:34,0.040579687125326044,0.2752312889099121,1
08-Feb-22 23:14:39,0.0405951342699693,0.2751265586853027,1
08-Feb-22 23:14:45,0.040536836539526375,0.2755222297668457,1
08-Feb-22 23:14:50,0.04054153662289859,0.2750656623840332,1
08-Feb-22 23:14:55,0.04056270142341024,0.2744977348327637,1
08-Feb-22 23:15:00,0.03981654563488044,0.2744533790588379,1
08-Feb-22 23:15:05,0.039882367869447946,0.2744897861480713,1
08-Feb-22 23:15:10,0.03993024421384153,0.2749652893066406,1
08-Feb-22 23:15:16,0.039907061627564244,0.2751250205993652,1
08-Feb-22 23:15:21,0.03989417554700796,0.27521388778686523,1
08-Feb-22 23:15:26,0.039494353078562514,0.2742797386169434,1
08-Feb-22 23:15:31,0.039493720433991894,0.27472004280090334,1
08-Feb-22 23:15:36,0.03953901377651067,0.27565333023071287,1
08-Feb-22 23:15:41,0.03917820682408674,0.2745309928894043,1
08-Feb-22 23:15:47,0.03910962077183109,0.27419091567993165,1
08-Feb-22 23:15:52,0.03909389146071987,0.27430123558044434,1
08-Feb-22 23:15:57,0.039153283895187095,0.274705744934082,1
08-Feb-22 23:16:02,0.039531377736387124,0.27570657653808595,1
08-Feb-22 23:16:07,0.039700978162008384,0.27571368293762205,1
08-Feb-22 23:16:12,0.03911601973879165,0.2754075454711914,1
08-Feb-22 23:16:18,0.03908505883775349,0.27562570724487306,1
08-Feb-22 23:16:23,0.03912639726724014,0.2757745018005371,1
08-Feb-22 23:16:28,0.038828462507804154,0.2747869529724121,1
08-Feb-22 23:16:33,0.03859775371704337,0.27553738708496095,1
08-Feb-22 23:16:38,0.0385612951056868,0.2753514686584473,1
08-Feb-22 23:16:43,0.038143875212889734,0.2752054260253906,1
08-Feb-22 23:16:49,0.03809022030711619,0.2755930877685547,1
08-Feb-22 23:16:54,0.03812820397058942,0.27531853942871093,1
08-Feb-22 23:16:59,0.03811857186035616,0.2749364929199219,1
08-Feb-22 23:17:04,0.03817215963435167,0.2754525093078613,1
08-Feb-22 23:17:09,0.037851216990317314,0.27551401596069336,1
08-Feb-22 23:17:14,0.03784610061124754,0.2751572044372559,1
08-Feb-22 23:17:20,0.037847693163701956,0.27469075775146484,1
08-Feb-22 23:17:25,0.037844912329782335,0.2755599143981934,1
08-Feb-22 23:17:30,0.03798654868083761,0.2745324638366699,1
08-Feb-22 23:17:35,0.037846842614483504,0.27424207229614256,1
08-Feb-22 23:17:40,0.03779220462289977,0.2737884006500244,1
08-Feb-22 23:17:46,0.03780843698239731,0.2753704174041748,1
08-Feb-22 23:17:51,0.03781037664442154,0.2749618606567383,1
08-Feb-22 23:17:56,0.0378653811338762,0.275017098236084,1
08-Feb-22 23:18:01,0.03785511987856257,0.2746368667602539,1
08-Feb-22 23:18:06,0.03789696440402203,0.27557495765686035,1
08-Feb-22 23:18:11,0.037894872593534086,0.27519661865234374,1
08-Feb-22 23:18:17,0.03778764089544506,0.27552196502685544,1
08-Feb-22 23:18:22,0.03781937233192209,0.2748964584350586,1
08-Feb-22 23:18:27,0.03723918294210133,0.27541923637390137,1
08-Feb-22 23:18:32,0.03720436353920886,0.2756770000457764,1
08-Feb-22 23:18:37,0.037259764924559007,0.2752670970916748,1
08-Feb-22 23:18:42,0.037196644695686315,0.27533326873779296,1
08-Feb-22 23:18:48,0.037177658053211673,0.27547388153076174,1
08-Feb-22 23:18:53,0.03719726568461707,0.2761924057006836,1
08-Feb-22 23:18:58,0.037076655993842085,0.27610014762878415,1
08-Feb-22 23:19:03,0.03761003660163796,0.27691357498168945,1
08-Feb-22 23:19:08,0.03743623349409385,0.27602285766601564,1
08-Feb-22 23:19:13,0.03739871381235796,0.27590100135803225,1
08-Feb-22 23:19:19,0.03745489739704068,0.2772027458190918,1
08-Feb-22 23:19:24,0.03711460519273174,0.2758798469543457,1
08-Feb-22 23:19:29,0.03737720095449697,0.27559922523498537,1
08-Feb-22 23:19:34,0.03711760399742673,0.27499197082519533,1
08-Feb-22 23:19:39,0.03710507365421071,0.2759507148742676,1
08-Feb-22 23:19:44,0.03705771032333624,0.2763034065246582,1
08-Feb-22 23:19:49,0.03712870090810964,0.2757751106262207,1
08-Feb-22 23:19:55,0.03709775335547898,0.27646923065185547,1
08-Feb-22 23:20:00,0.037070712690022586,0.2766708969116211,1
08-Feb-22 23:20:05,0.03757189578831597,0.27633954010009765,1
08-Feb-22 23:20:10,0.03709341592579343,0.2747071708679199,1
08-Feb-22 23:20:15,0.03705631558466552,0.27544678726196287,1
08-Feb-22 23:20:20,0.03711760399742673,0.27499197082519533,1
08-Feb-22 23:20:26,0.037252099966916585,0.27572407722473147,1
08-Feb-22 23:20:31,0.037126758953358714,0.274924161529541,1
08-Feb-22 23:20:36,0.037106638375381557,0.2759390785217285,1
08-Feb-22 23:20:41,0.03707349217515714,0.2743904445648193,1
08-Feb-22 23:20:46,0.03713627726440661,0.2752552864074707,1
08-Feb-22 23:20:51,0.03706888661971253,0.2753533760070801,1
08-Feb-22 23:20:57,0.03715540653991768,0.27557689590454104,1
08-Feb-22 23:21:02,0.03706473187549647,0.27625106353759765,1
08-Feb-22 23:21:07,0.03739599794509848,0.2763198394775391,1
08-Feb-22 23:21:12,0.03706963463046981,0.27621452713012695,1
08-Feb-22 23:21:17,0.036811229364639785,0.27703055114746095,1
08-Feb-22 23:21:23,0.036837536217703255,0.27683271484375,1
08-Feb-22 23:21:28,0.03684439677610569,0.27678116760253907,1
08-Feb-22 23:21:33,0.036633716478886504,0.2766817153930664,1
08-Feb-22 23:21:38,0.0366253259835412,0.276745100402832,1
08-Feb-22 23:21:43,0.03665856863037095,0.2769009662628174,1
08-Feb-22 23:21:48,0.03694908174908165,0.27733245124816897,1
08-Feb-22 23:21:53,0.03684232635997059,0.27726399269104,1
08-Feb-22 23:21:59,0.03681646932389306,0.2770536533355713,1
08-Feb-22 23:22:04,0.03730796681639966,0.2776479179382324,1
08-Feb-22 23:22:09,0.03728991968806015,0.27778229064941407,1
08-Feb-22 23:22:14,0.03706560113028922,0.27646062927246096,1
08-Feb-22 23:22:19,0.03715477921734692,0.2761984645843506,1
08-Feb-22 23:22:25,0.03713940502245897,0.2763127994537353,1
08-Feb-22 23:22:30,0.03715233340860686,0.2766180637359619,1
08-Feb-22 23:22:35,0.03734732355639484,0.2769560211181641,1
08-Feb-22 23:22:40,0.037310752764674895,0.27716579208374026,1
08-Feb-22 23:22:45,0.03687332910355898,0.27575509643554685,1
08-Feb-22 23:22:50,0.036979830889391406,0.2757674903869629,1
08-Feb-22 23:22:56,0.03732865832620412,0.2753114360809326,1
08-Feb-22 23:23:01,0.03695617796802665,0.27594398880004883,1
08-Feb-22 23:23:06,0.03715232164822257,0.27668010673522947,1
08-Feb-22 23:23:11,0.037308510577892355,0.2763212810516357,1
08-Feb-22 23:23:16,0.03720021265807801,0.27632391281127927,1
08-Feb-22 23:23:21,0.0373477079783679,0.2769531703948975,1
08-Feb-22 23:23:27,0.03737682708137684,0.2771364002227783,1
08-Feb-22 23:23:32,0.03734676153176609,0.2773595054626465,1
08-Feb-22 23:23:37,0.03733694171772796,0.27829297523498536,1
08-Feb-22 23:23:42,0.03716848333301792,0.27782546501159666,1
08-Feb-22 23:23:47,0.03726803549991887,0.27834557762145995,1
08-Feb-22 23:23:52,0.03699876182597238,0.27736314582824706,1
08-Feb-22 23:23:58,0.03686503624444505,0.2770931903839111,1
08-Feb-22 23:24:03,0.03731173422335783,0.2771585014343262,1
08-Feb-22 23:24:08,0.03706293850618105,0.27688287506103515,1
08-Feb-22 23:24:13,0.03725142271103467,0.2776072319030762,1
08-Feb-22 23:24:18,0.03728311432179979,0.2778329948425293,1
08-Feb-22 23:24:23,0.03727766198263201,0.27747357482910157,1
08-Feb-22 23:24:29,0.03734171720831327,0.2778580047607422,1
08-Feb-22 23:24:34,0.03730329589213745,0.27768268356323245,1
08-Feb-22 23:24:39,0.037337723790405855,0.2778877227783203,1
08-Feb-22 23:24:44,0.0373379296081998,0.2774251121520996,1
08-Feb-22 23:24:49,0.03735246811437136,0.2773171314239502,1
08-Feb-22 23:24:54,0.037308150295169935,0.2772468227386475,1
08-Feb-22 23:25:00,0.03730484983691711,0.27680988426208497,1
08-Feb-22 23:25:05,0.03663472779072008,0.27579707069396975,1
08-Feb-22 23:25:10,0.036653939392089205,0.2765290630340576,1
08-Feb-22 23:25:15,0.03667565906727721,0.2773040885925293,1
08-Feb-22 23:25:20,0.03669381153349687,0.27716690597534177,1
08-Feb-22 23:25:25,0.03717414641243006,0.2768272850036621,1
08-Feb-22 23:25:31,0.03719837908008575,0.27664694747924806,1
08-Feb-22 23:25:36,0.037179032824052494,0.2758648235321045,1
08-Feb-22 23:25:41,0.03779210702383081,0.2764296314239502,1
08-Feb-22 23:25:46,0.03780893711536906,0.27715635299682617,1
08-Feb-22 23:25:51,0.037773598285741776,0.2770208404541016,1
08-Feb-22 23:25:56,0.03717411127548673,0.2763644359588623,1
08-Feb-22 23:26:02,0.03746332167420438,0.27588472824096677,1
08-Feb-22 23:26:07,0.037807898093852155,0.2758588489532471,1
08-Feb-22 23:26:12,0.037839541088578364,0.2760831108093262,1
08-Feb-22 23:26:17,0.03784350591355823,0.27605418586730956,1
08-Feb-22 23:26:22,0.03748725168918115,0.2757086170196533,1
08-Feb-22 23:26:27,0.0377657574834613,0.27622760276794434,1
08-Feb-22 23:26:33,0.03787089631550171,0.27585452766418456,1
08-Feb-22 23:26:38,0.03771135411502214,0.27571308975219727,1
08-Feb-22 23:26:43,0.03750849269426961,0.27686803245544434,1
08-Feb-22 23:26:48,0.03765925311605114,0.2774659484863281,1
08-Feb-22 23:26:53,0.0378294190303405,0.2774613609313965,1
08-Feb-22 23:26:58,0.037134009600521864,0.2766628868103027,1
08-Feb-22 23:27:04,0.037760743377977773,0.2779659812927246,1
08-Feb-22 23:27:09,0.03780707831402074,0.27762531661987305,1
08-Feb-22 23:27:14,0.03776554215753803,0.2775357723236084,1
08-Feb-22 23:27:19,0.037755858956492055,0.2771509967803955,1
08-Feb-22 23:27:24,0.03787372877415899,0.2775913055419922,1
08-Feb-22 23:27:29,0.03716432102024228,0.276437239074707,1
08-Feb-22 23:27:35,0.03716380530618186,0.27644107513427735,1
08-Feb-22 23:27:40,0.03711607101270418,0.2763327865600586,1
08-Feb-22 23:27:45,0.03782140555278916,0.2766706787109375,1
08-Feb-22 23:27:50,0.037368257683752334,0.27618748588562014,1
08-Feb-22 23:27:55,0.03723531682360207,0.27631068382263185,1
08-Feb-22 23:28:00,0.037185735236810624,0.27581510124206543,1
08-Feb-22 23:28:05,0.03717164002558569,0.2755184803009033,1
08-Feb-22 23:28:11,0.03711620348590946,0.27546615982055667,1
08-Feb-22 23:28:16,0.03711941764608055,0.27544230728149416,1
08-Feb-22 23:28:21,0.037071731249615186,0.27579661636352537,1
08-Feb-22 23:28:26,0.03714621306526268,0.2757070755004883,1
08-Feb-22 23:28:31,0.03709349679708124,0.27609890289306643,1
08-Feb-22 23:28:37,0.037164565138094026,0.2764354232788086,1
08-Feb-22 23:28:42,0.0371613586287842,0.2764592758178711,1
08-Feb-22 23:28:47,0.037827368749770635,0.27753726959228514,1
08-Feb-22 23:28:52,0.03707182056420751,0.2757338722229004,1
08-Feb-22 23:28:57,0.03703172547467413,0.27562969169616697,1
08-Feb-22 23:29:02,0.037088421048233955,0.27520834770202635,1
08-Feb-22 23:29:08,0.037099014046174515,0.2763977809906006,1
08-Feb-22 23:29:13,0.037870528283424625,0.2776147651672363,1
08-Feb-22 23:29:18,0.037849550091275094,0.276919775390625,1
08-Feb-22 23:29:23,0.037841190327114554,0.2769809516906738,1
08-Feb-22 23:29:28,0.03788375633033084,0.27751782913208006,1
08-Feb-22 23:29:33,0.03790674664039293,0.2773495155334473,1
08-Feb-22 23:29:39,0.037864046316499984,0.2776622901916504,1
08-Feb-22 23:29:44,0.03781979642441136,0.2771376342773437,1
08-Feb-22 23:29:49,0.03783250440208625,0.2770445434570312,1
08-Feb-22 23:29:54,0.03785657276759655,0.27732316665649415,1
08-Feb-22 23:29:59,0.037899373034444794,0.2774034759521484,1
08-Feb-22 23:30:04,0.0378400447376272,0.2769893371582031,1
08-Feb-22 23:30:10,0.037807591060322096,0.2767717712402344,1
08-Feb-22 23:30:15,0.03784200638434725,0.2769749786376953,1
08-Feb-22 23:30:20,0.03789950848989795,0.27655474510192873,1
08-Feb-22 23:30:25,0.03780647344781157,0.2767799530029297,1
08-Feb-22 23:30:30,0.03785873888359146,0.2768525634765625,1
08-Feb-22 23:30:35,0.03781755572367473,0.2775484001159668,1
08-Feb-22 23:30:41,0.03785544874184761,0.2777253517150879,1
08-Feb-22 23:30:46,0.03789506448285185,0.2774350158691406,1
08-Feb-22 23:30:51,0.03789779682240802,0.2770215030670166,1
08-Feb-22 23:30:56,0.03786700865631742,0.2767921016693115,1
08-Feb-22 23:31:01,0.03792756065293899,0.27635019836425784,1
08-Feb-22 23:31:06,0.0379480215866887,0.2757475490570068,1
08-Feb-22 23:31:12,0.037925149047111785,0.2759138515472412,1
08-Feb-22 23:31:17,0.037829616900907595,0.2753670787811279,1
08-Feb-22 23:31:22,0.037915599061783004,0.2755900115966797,1
08-Feb-22 23:31:27,0.0378782666357016,0.27586163024902344,1
08-Feb-22 23:31:32,0.037874519169840325,0.2758889251708984,1
08-Feb-22 23:31:37,0.0379204292841933,0.2768561653137207,1
08-Feb-22 23:31:43,0.03793601711298905,0.27668171005249026,1
08-Feb-22 23:31:48,0.037920556476482764,0.2764012420654297,1
08-Feb-22 23:31:53,0.037932780793709805,0.2758583400726318,1
08-Feb-22 23:31:58,0.03789887632737258,0.2761051239013672,1
08-Feb-22 23:32:03,0.03792734553416398,0.275897872543335,1
08-Feb-22 23:32:08,0.03790089287320315,0.2756969451904297,1
08-Feb-22 23:32:13,0.0378951813539703,0.2757384979248047,1
08-Feb-22 23:32:19,0.03791835773958453,0.275963268661499,1
08-Feb-22 23:32:24,0.03792706949106495,0.2758998805999756,1
08-Feb-22 23:32:29,0.03790757912840735,0.27604173583984376,1
08-Feb-22 23:32:34,0.03792242975438485,0.27638758850097656,1
08-Feb-22 23:32:39,0.03790234374827567,0.2765340576171875,1
08-Feb-22 23:32:45,0.03790099776977833,0.27654387817382814,1
08-Feb-22 23:32:50,0.037883435618348914,0.27667207946777345,1
08-Feb-22 23:32:55,0.037871954443281,0.27675595474243164,1
08-Feb-22 23:33:00,0.037916732514720435,0.27597509727478026,1
08-Feb-22 23:33:05,0.03778330177475505,0.2760993392944336,1
08-Feb-22 23:33:10,0.03785948511164283,0.2759376728057861,1
08-Feb-22 23:33:15,0.037882820357094345,0.2762221462249756,1
08-Feb-22 23:33:21,0.037877755846962,0.2762590789794922,1
08-Feb-22 23:33:26,0.03790644517266632,0.27604999351501464,1
08-Feb-22 23:33:31,0.037868016160028876,0.2763301330566406,1
08-Feb-22 23:33:36,0.037840244683063344,0.2760779773712158,1
08-Feb-22 23:33:41,0.037878260600683875,0.27580089607238767,1
08-Feb-22 23:33:46,0.03788604456438554,0.27535058822631836,1
08-Feb-22 23:33:52,0.037851484121433604,0.27560199813842773,1
08-Feb-22 23:33:57,0.03796577030290772,0.2760720729827881,1
08-Feb-22 23:34:02,0.037827516645645105,0.2748664169311523,1
08-Feb-22 23:34:07,0.03717301543961864,0.2741189334869385,1
08-Feb-22 23:34:12,0.037166467010902614,0.2737659671783447,1
08-Feb-22 23:34:18,0.03734897091044625,0.27368777198791505,1
08-Feb-22 23:34:23,0.0371426118563146,0.272613298034668,1
08-Feb-22 23:34:28,0.03745175332102992,0.2737945289611816,1
08-Feb-22 23:34:33,0.037180443513084735,0.2736630558013916,1
08-Feb-22 23:34:38,0.03719061897174243,0.27491497383117675,1
08-Feb-22 23:34:43,0.03717940746859326,0.2749978748321533,1
08-Feb-22 23:34:49,0.037172512785014,0.2745857707977295,1
08-Feb-22 23:34:54,0.037568942946352324,0.27584175796508786,1
08-Feb-22 23:34:59,0.03759915116869806,0.2760167850494385,1
08-Feb-22 23:35:04,0.03757083300676434,0.27622482643127444,1
08-Feb-22 23:35:09,0.03757418465893932,0.276200186920166,1
08-Feb-22 23:35:14,0.03761151655853152,0.27638376502990725,1
08-Feb-22 23:35:20,0.03743968977362685,0.2763957118988037,1
08-Feb-22 23:35:25,0.03692705754670899,0.27547854270935057,1
08-Feb-22 23:35:30,0.037313951571066484,0.276466060256958,1
08-Feb-22 23:35:35,0.03744907345567228,0.2763264549255371,1
08-Feb-22 23:35:40,0.03710228429342681,0.275909432220459,1
08-Feb-22 23:35:45,0.03765219727956057,0.27654236068725585,1
08-Feb-22 23:35:51,0.03763452710617793,0.276214778137207,1
08-Feb-22 23:35:56,0.0376185836390529,0.2759354019165039,1
